,created_at,text,screen_name,followers,friends,rt,fav,0,0
0,Wed Jun 07 16:25:56 +0000 2017," '""Don\'t like Jeremy Corbyn? This might just help... https://t.co/Rb2DOUY1NS""'", 'lozatkinson_art',1550,2171,0,0,0.5833333333333334,left
1,Wed Jun 07 16:25:57 +0000 2017," '""Labour will restore workers rights - the minimum wage going up will mean you get more money in your pocket and a stable job. #GE2017""'", 'jaygrahamuk',268,322,0,0,0.5416666666666666,left
2,Wed Jun 07 16:25:57 +0000 2017," '""I had a dream last night.\nI stood and looked into the Abyss\nAnd Jeremy Corbyn was waving up at me.""'", 'markdaventry',1385,1891,0,0,0.5,left
3,Wed Jun 07 16:25:57 +0000 2017," '""RT @DaveWardGS: YOU KNOW YOU WANT TO SHARE\n\nA bit of fun - get the vote out\n\nCORBYN\'S ON FIRE THERESA MAY IS TERRIFIED üî•üî•\n\n#GE2017‚Ä¶ ""'", 'loveisbrilliant',1599,2437,0,0,0.0,0
4,Wed Jun 07 16:25:57 +0000 2017," '""I\'m enjoying don\'t know. https://t.co/xepHjVqq8I""'", 'lucyprebblish',7542,1413,0,0,0.0,0
5,Wed Jun 07 16:25:57 +0000 2017," '""RT @Conservatives: Are you standing with Theresa May? RETWEET to show you\'re backing Theresa May to get the best Brexit deal - and sec‚Ä¶ ""'", '_samrose3',301,507,0,0,0.6666666666666666,right
6,Wed Jun 07 16:25:57 +0000 2017," '""RT @contrxdiction91: HAPPY VOTE LABOUR EVE GUYSSSS""'", 'megsaiko',2564,1840,0,0,0.6666666666666666,0
7,Wed Jun 07 16:25:57 +0000 2017," '""RT @RCorbettMEP: #Osborne points out that Tories - after calling election on #brexit - have utterly failed to reveal their stance on‚Ä¶ ""'", 'Rahario',529,1500,0,0,-0.4166666666666667,right
8,Wed Jun 07 16:25:57 +0000 2017," '""RT @BounceBallsUK: RT if you vote Yellow #Peanut to win the #ballselection. The winning Ball &amp; winner announced 09/06/17. Prize: A tub‚Ä¶ ""'", 'why13sam',202,3022,0,0,-0.4166666666666667,0
9,Wed Jun 07 16:25:57 +0000 2017," '""@xx_littlelou_xx @Lord_Sugar ironic considering how much the tories dislike immigrants""'", 'bluebouncybubbl',430,1867,0,0,-0.5,0
10,Wed Jun 07 16:25:57 +0000 2017," '""Pictured here - the only 3 people in Scotland that want #Corbyn4PM even less than the Tories! :D https://t.co/Csxhmwa0P6""'", 'ArgyllAtheist',630,832,0,0,-0.5,0
11,Wed Jun 07 16:25:57 +0000 2017," '""RT @m_ldnn_: EVERYONE MAKE SURE YOU TAKE A PEN WITH YOU WHEN YOU GO TO VOTE FOR LABOUR !!!!!!!""'", '_CaramelK',333,267,0,0,-0.5,0
12,Wed Jun 07 16:25:57 +0000 2017," '""RT @YouGov: 33% of Brits think Theresa May running through a wheat field was a very/quite naughty thing to do‚Ä¶ ""'", 'cromulentjosh',1693,2274,0,0,-0.5,0
13,Wed Jun 07 16:25:57 +0000 2017," '""RT @johnprescott: How\'s this for a double act! Campaigning #ForTheMany with the brilliant @AngelaRayner. #GE2017 https://t.co/QtCy3FM8T0""'", 'SueLukes',1159,446,0,0,-0.5,0
14,Wed Jun 07 16:25:57 +0000 2017," '""RT @Manville54: before you vote tomoz are you aware of Labour\'s deeply hidden tax where they are gonna scrap the married couples allowance‚Ä¶""'", 'JosephTaylor26',4380,5000,0,0,-0.5,0
15,Wed Jun 07 16:25:57 +0000 2017," '""RT @AmandeepBhogal: No rain can dampen Richmond\'s enthusiasm to #BackZac on Thursday #GE2017\n\nLeafleting at school gates in Coombe\u200b Val‚Ä¶ ""'", 'AmandeepBhogal',5548,496,0,0,-0.5,0
16,Wed Jun 07 16:25:57 +0000 2017," '""vote labour super slow and sleepy sloth x https://t.co/AX59P0dgTS""'", 'z_kahn92',218,432,0,0,-0.5,0
17,Wed Jun 07 16:25:57 +0000 2017," '""RT @16MillionRising: Listen to @EveryCountry Graham """"Choose"""" Hughes on Farmer Brexit here! Scroll to 1:08:34 onwards... https://t.co/RkUJpl‚Ä¶""'", 'Campaign4Europe',130,70,0,0,-0.5,0
18,Wed Jun 07 16:25:57 +0000 2017," '""RT @alex_makel: You and I are gonna live for labour https://t.co/Avd0WapU47""'", '1975amie',413,566,0,0,-0.5,0
19,Wed Jun 07 16:25:58 +0000 2017," '""RT @Joey7Barton: @Lord_Sugar Can I just ask you what it is you really fear about @jeremycorbyn that you don\'t about this current Tory gover‚Ä¶""'", 'sajkhan10786',77,428,0,0,-0.5,0
20,Wed Jun 07 16:25:57 +0000 2017," '""RT @womensmarch: UK general election is tomorrow! Women before us fought hard for the right to vote - we owe it to them to use our v‚Ä¶ ""'", 'hjeichler',181,26,0,0,-0.5,0
21,Wed Jun 07 16:25:58 +0000 2017," '""RT @WASPI_Campaign: A statement from Jeremy Corbyn: https://t.co/SoKSYohzd8""'", 'WomenInUNISON',2401,967,0,0,-0.5,0
22,Wed Jun 07 16:25:58 +0000 2017," '""Even the lizard Osborne knows they\'ve been chatting breeze https://t.co/Gjfl95N8KP""'", 'AJDonzo',944,817,0,0,-0.5,0
23,Wed Jun 07 16:25:58 +0000 2017," '""RT @rita0brien: #rosie4mp campaigning in Joy Lane against vicious Tory cuts to school budgets #MakejuneTheEndofMay https://t.co/4IN7kX4u6q""'", 'steve_furber',434,1110,0,0,-0.5,0
24,Wed Jun 07 16:25:58 +0000 2017," '""RT @SistersUncut: The Tory Policy That Will Damage Britain\'s Domestic Abuse Victims (one of many) https://t.co/MPdWqDyWzK #GE2017""'", 'MakeHerstory1',1373,220,0,0,-0.5,0
25,Wed Jun 07 16:25:58 +0000 2017," '""RT @HackneyAbbott: Touched by all the messages of support. Still standing! Will rejoin the fray soon. Vote Labour!""'", 'missfinjay',205,245,0,0,-0.5,0
26,Wed Jun 07 16:25:58 +0000 2017," '""RT @Otto_English: Corbyn """"we will give all students free university places by September""""\n\nTheresa May """"we will take away your human rights.‚Ä¶""'", 'baxterglen',152,288,0,0,-0.5,0
27,Wed Jun 07 16:25:58 +0000 2017," '""RT @stephenkb: I\'ve spent a lot of time talking to people about Labour\'s poll surge. Here are some thoughts about it: https://t.co/SUKzPGIv‚Ä¶""'", 'lostindisco',316,158,0,0,-0.5,0
28,Wed Jun 07 16:25:58 +0000 2017," '""RT @Rachael_Swindon: Tory @Byron_Davies has the smallest parliamentary majority in Britain. The people of #Gower need to know what he\'s‚Ä¶ ""'", 'SkyeShepard',10804,10520,0,0,-0.5,0
29,Wed Jun 07 16:25:58 +0000 2017," '""RT @Oldstanman: A heavily disguised Jeremy Corbyn meets with Martin McGuinness of the IRA\n #lastminutecorbynsmears https://t.co/5RkRjvSXpu""'", 'colinwelshy',52,184,0,0,-0.5,0
30,Wed Jun 07 16:25:58 +0000 2017," '""RT @HackneyAbbott: Touched by all the messages of support. Still standing! Will rejoin the fray soon. Vote Labour!""'", 'Andy68644509',11,25,0,0,-0.5,0
31,Wed Jun 07 16:25:58 +0000 2017," '""RT @GracieSamuels: #LastMinuteCorbynSmears Corbyn cannot be PM because he does NOT have corrupt money and does NOT put it in offshore accou‚Ä¶""'", 'caz_lyn',239,1834,0,0,-0.5,0
32,Wed Jun 07 16:25:58 +0000 2017," '""Best of luck @MhairiBlack for #GE2017 tomorrow""'", 'Tariq26088',17,78,0,0,-0.5,0
33,Wed Jun 07 16:25:58 +0000 2017," '""RT @chunkymark: I am 52 years old and tomorrow I am voting for the first time in my life I am voting for Jeremy Corbyn https://t.co/7zIwN8B‚Ä¶""'", 'stewardson65',30,100,0,0,-0.5,0
34,Wed Jun 07 16:25:58 +0000 2017," '""RT @JamesMelville: I have written this article for the Daily Mirror - Theresa May\'s election campaign exposes her weaknesses\n#GE2017 \n http‚Ä¶""'", 'loveaprillily',110,368,0,0,-0.5,0
35,Wed Jun 07 16:25:58 +0000 2017," '""Swissport Cargo workers in Vancouver ratify first contract https://t.co/1GASuoJoXy #labourrelations #union‚Ä¶ https://t.co/yHyCvZQSnn""'", 'labourreporter',2821,515,0,0,-0.5,0
36,Wed Jun 07 16:25:58 +0000 2017," '""RT @PaulbernalUK: Theresa May has never liked human rights. I‚Äôm still not sure whether it‚Äôs that she doesn‚Äôt like humans or doesn‚Äôt like ri‚Ä¶""'", 'Trundlelin',316,195,0,0,-0.5,0
37,Wed Jun 07 16:25:58 +0000 2017," '""RT @Corbynator2: @jeremycorbyn 3 veterans were asked about Jeremy Corbyn - they didn\'t hold back.\n#GE2017 #VoteLabour‚Ä¶ ""'", 'bernardregan',589,895,0,0,-0.5,0
38,Wed Jun 07 16:25:58 +0000 2017," '""RT @robynegee: This should finish Labour...... https://t.co/DC1lbHGVXl""'", 'AndiNeglia',2066,1644,0,0,-0.5,0
39,Wed Jun 07 16:25:59 +0000 2017," '""RT @davidschneider: Tempted to vote Labour but not sure about Jeremy Corbyn? Here‚Äôs a handy guide to help you decide how to vote. https://t‚Ä¶""'", 'IfiwereQueen',102,70,0,0,-0.5,0
40,Wed Jun 07 16:25:59 +0000 2017," '""Just when I thought I couldn\'t love you anymoreüëåüèªüòÇxx https://t.co/qCqFIDvXrX""'", 'zoeumusic',786,428,0,0,-0.5,0
41,Wed Jun 07 16:25:59 +0000 2017," '""This was a 10 point Tory lead at the start of the campaign. https://t.co/uPsHarbcU5""'", 'toriabanks',236,699,0,0,-0.5,0
42,Wed Jun 07 16:25:59 +0000 2017," '""A vote for the #Tories is a vote for the sociopathy of @BorisJohnson #ToriesOut #GE2017 https://t.co/beIoVQJ1uS""'", 'a57998',424,279,0,0,-0.5,0
43,Wed Jun 07 16:25:59 +0000 2017," '""RT @alexdelprete: Listen @AnnPettifor explaining two of the many economic fallacies: \n1. """"there is no money""""\n2. """"public money comes f‚Ä¶ ""'", 'allemacc',475,411,0,0,-0.5,0
44,Wed Jun 07 16:25:59 +0000 2017," '""if they vote #conservative #tory #may in #GeneralElection #mail """"apologists for terror"""" https://t.co/uaYUt2B6VV""'", 'rachellh',2305,4998,0,0,-0.5,0
45,Wed Jun 07 16:25:59 +0000 2017," '""RT @LondonEconomic: This plea to vote Labour to save NHS written by pregnant daughter of a critically ill mother is going viral https://t.c‚Ä¶""'", 'pauljebb1',7430,3426,0,0,-0.5,0
46,Wed Jun 07 16:25:59 +0000 2017," '""RT @aishahahahahah: I JUST SLAGGED OFF THERESA MAY IN MY EXAM  IF THE EXAMINER WASN\'T\u200b VOTING LABOUR THEY ARE NOW AY GANG GANG #aqamedia""'", 'lvdankta',221,346,0,0,-0.5,0
47,Wed Jun 07 16:25:59 +0000 2017," '""I will be voting for the leader &amp; the party tomorrow #VoteLabour #JeremyCorbyn #GeneralElection17 @jeremycorbyn @UKLabour #GE2017""'", 'blackestwax',999,921,0,0,-0.5,0
48,Wed Jun 07 16:25:59 +0000 2017," '""RT @BBCNews: Do people actually listen to politicians before deciding how to cast their vote? #GE2017 https://t.co/T6CKvoi9Wg""'", 'Shari2112',2649,3623,0,0,-0.5,0
49,Wed Jun 07 16:25:59 +0000 2017," '""Bookies have Labour 6/1 for election.Tories 1/12.Prob will turn out so but think it\'ll be much closer than those odds suggest #Election2017""'", 'lovespud83',562,1474,0,0,-0.5,0
50,Wed Jun 07 16:25:59 +0000 2017," '""RT @Meg_Lawrenson_x: @samwolfson @Adele LABOUR WOOOüåπüëå""'", 'Rochey_efc',3010,1979,0,0,-0.5,0
51,Wed Jun 07 16:26:00 +0000 2017," '""RT @pricisionart: VOTING LABOUR https://t.co/dcKCg1WLlm""'", 'MMarieSophie',1867,1022,0,0,-0.5,0
52,Wed Jun 07 16:26:00 +0000 2017," '""RT @Corbyn_Power: @jeremycorbyn Captain SKA singing #LiarLiar.\n#GeneralElection #VoteLabour #GE2017\nhttps://t.co/WCT2vn4o4h""'", 'MarkDignam69',28,172,0,0,-0.5,0
53,Wed Jun 07 16:26:00 +0000 2017," '""RT @liuderis: @jeremycorbyn Runcorn speech is the greatest speech I have ever heard by any political leader in my lifetime #GE2017 #JeremyC‚Ä¶""'", 'UKDemockery',6320,1484,0,0,-0.5,0
54,Wed Jun 07 16:26:00 +0000 2017," '""RT @TheCanarySays: John McDonnell takes on the mainstream media for its shocking coverage of the general election [VIDEO] https://t.co/68m2‚Ä¶""'", 'sahrfas',697,2176,0,0,-0.5,0
55,Wed Jun 07 16:26:00 +0000 2017," '""RT @DancingTheMind: Mr Marsh: As far as I can see there isn‚Äôt a Tory policy-other than burying heads in sand &amp;hoping people go private.\nhtt‚Ä¶""'", 'terry__smith',1086,1082,0,0,-0.5,0
56,Wed Jun 07 16:26:00 +0000 2017," '""RT @WSECA: LABOUR ROCKED: \'It doesn\'t add up!\' Financial expert RIPS John McDonnell\'s budget APART  https://t.co/ETyQVZ0WPD""'", 'sergelapin1',81,62,0,0,-0.5,0
57,Wed Jun 07 16:26:00 +0000 2017," '""RT @avanconia: It appears that the people screaming """"we love Donald Trump"""" in the Streets of London had an effect on PM May https://t.co/c0‚Ä¶""'", 'Adelita7',2281,2950,0,0,-0.5,0
58,Wed Jun 07 16:26:00 +0000 2017," '""RT @RingleaderReg: Please vote for Jeremy Corbyn and his adopted shelter cat """"El Gato"""" https://t.co/MfMws2uPft""'", 'DaIaiDrama',380,227,0,0,-0.5,0
59,Wed Jun 07 16:26:00 +0000 2017," '""RT @davidschneider: Details emerge of what went through Theresa May‚Äôs mind when asked what she‚Äôd done that was naughty. https://t.co/w0l8PA‚Ä¶""'", 'Tim_Media',266,508,0,0,-0.5,0
60,Wed Jun 07 16:26:00 +0000 2017," '""RT @rascalblog: Oh god this is too perfect - a \'strong and stable\' Tory ad van that had been driving round town blew over on the mo‚Ä¶ ""'", 'CaltonBooks',4280,1216,0,0,-0.5,0
61,Wed Jun 07 16:26:00 +0000 2017," '""RT @TheCanarySays: A social media star points out how the media is accidentally rallying support for Corbyn this election #ge2017 https://t‚Ä¶""'", 'rachelh1711',1620,1866,0,0,-0.5,0
62,Wed Jun 07 16:26:00 +0000 2017," '""RT @tutankhamax: Waking up to Jeremy Corbyn becoming Prime Minister of the United Kingdom on June 9th https://t.co/1OVh66BQFs""'", 'GraceeWildee',446,500,0,0,-0.5,0
63,Wed Jun 07 16:26:00 +0000 2017," '""Bear in mind my choices are:\n\nTory (lol)\nLabour (ok)\nLib Dem (lol+lol=lolarama)\nGreens (ok)""'", 'ijclark',4478,1000,0,0,-0.5,0
64,Wed Jun 07 16:26:00 +0000 2017," '""Why are there shy Tories? https://t.co/BbJUm6DUGe""'", 'FoxHedgehog',4358,3032,0,0,-0.5,0
65,Wed Jun 07 16:26:00 +0000 2017," '""RT @sigmundsteph: #GeneralElection17 the tories are going to sell off our NHS!! See the naylor report!! https://t.co/JN6imzBuoq""'", 'ZoeWatsonArtist',5940,3326,0,0,-0.5,0
66,Wed Jun 07 16:26:00 +0000 2017," '""RT @CorbynSnap: Delighted to see our candidate Tracy Harvey is tackling Middlesbrough South shoulder to shoulder with a known antis‚Ä¶ ""'", 'dgraemestewart',34,162,0,0,-0.5,0
67,Wed Jun 07 16:26:00 +0000 2017," '""It disappoints me greatly knowing that I\'ll more than likely be waking up Friday with the party of Bastards still in charge üòê #GE2017""'", 'Lukeyy360',268,370,0,0,-0.5,0
68,Wed Jun 07 16:26:00 +0000 2017," '""RT @DancingTheMind: """"Propaganda is to a democracy what the bludgeon is to a totalitarian state.""""\n\n[Noam Chomsky] \n\n#StopFundingHate‚Ä¶ ""'", 'karimdaffy',495,736,0,0,-0.5,0
69,Wed Jun 07 16:26:01 +0000 2017," '""RT @imajsaclaimant: Please listen: Why #GE2017 is so important for our NHS | A speech by @DancingTheMind #VoteLabour and #onlyLabour https:‚Ä¶""'", 'CloudChild9',108,438,0,0,-0.5,0
70,Wed Jun 07 16:26:01 +0000 2017," '""Corbyn ..... standard Labour scumbag IRA and ISLAMIC hate mob. Great for Britain this guy üëéüëéüëé https://t.co/dHfGNioGPy""'", 'animalfriend666',657,480,0,0,-0.5,0
71,Wed Jun 07 16:26:01 +0000 2017," '""RT @melaniekmelvin: This is terrifying. https://t.co/WUuHigXKrH""'", 'Obblomovv92',1170,1381,0,0,-0.5,0
72,Wed Jun 07 16:26:01 +0000 2017," '""RT @relovedreams: We brits do hate a bully #GeneralElection17 https://t.co/qAvJkbxuw6""'", 'BigDollarRich',1073,1792,0,0,-0.5,0
73,Wed Jun 07 16:26:01 +0000 2017," '""RT @racheleden: Tomorrow is the big day #GE2017 #votethursday #votelabour https://t.co/7WgsIh9X2a""'", 'REDCaversham',1081,1187,0,0,-0.5,0
74,Wed Jun 07 16:26:01 +0000 2017," '""RT @tangerinetearss: theresa may after running through a wheat field https://t.co/IlNOChOWg3""'", 'yung401k',1609,823,0,0,-0.5,0
75,Wed Jun 07 16:26:01 +0000 2017," '""RT @lisa_alba: Apologist for Snickers: Twitter users hit back against attack on Corbyn https://t.co/jd7nD3Mtix""'", 'JTS_65',4140,4729,0,0,-0.5,0
76,Wed Jun 07 16:26:01 +0000 2017," '""RT @yorkierosie: Unsurprising...most cabbies have a wealth of common sense and empathy..... https://t.co/zic3tAEMMn""'", 'snmccolgan',1570,681,0,0,-0.5,0
77,Wed Jun 07 16:26:01 +0000 2017," '""RT @North_landWASPI: Statement from @jeremycorbyn re @WASPI_Campaign #GE17 https://t.co/Wb17JxGZNi""'", 'Elizabe00327669',64,12,0,0,-0.5,0
78,Wed Jun 07 16:26:01 +0000 2017," '""RT @ScotTories: With us: it‚Äôs clear. \n\nNo to #indyref2 No to more uncertainty. No to the division it would cause our country.‚Ä¶ ""'", 'ClassicLibScot',331,526,0,0,-0.5,0
79,Wed Jun 07 16:26:01 +0000 2017," '""RT @UKLabour: We cannot last another 5 years of Tory cuts and failings. RT the facts and #VoteLabour tomorrow ‚Üì https://t.co/1B4A0KhQRA""'", 'Gowithbazza1',10,50,0,0,-0.5,0
80,Wed Jun 07 16:26:01 +0000 2017," '""RT @Oldstanman: A heavily disguised Jeremy Corbyn meets with Martin McGuinness of the IRA\n #lastminutecorbynsmears https://t.co/5RkRjvSXpu""'", 'zaman_anjem',87,172,0,0,-0.5,0
81,Wed Jun 07 16:26:01 +0000 2017," '""RT @CNN: British PM Theresa May says human rights laws will be changed """"if they get in the way"""" of the fight against terror‚Ä¶ ""'", 'iniigirl',491,155,0,0,-0.5,0
82,Wed Jun 07 16:26:01 +0000 2017," '""@MorganLeeReddin Unless the vote tory""'", 'Gazamate',189,391,0,0,-0.5,0
83,Wed Jun 07 16:26:01 +0000 2017," '""RT @OpiniumResearch: Labour is now the most trusted party to lead the Brexit negotiations amongst Remain voters #ge2017‚Ä¶ ""'", 'graceblakeley',1120,803,0,0,-0.5,0
84,Wed Jun 07 16:26:01 +0000 2017," '""RT @Independent: Here\'s some bad news about your household water bill https://t.co/tDvqRZ7VNI https://t.co/sf4OqaobFk""'", 'AnnGBower',117,371,0,0,-0.5,0
85,Wed Jun 07 16:26:01 +0000 2017," '""Follow me for the latest #GE2017 election results as they\'re announced \n#bbcelection https://t.co/DdepBxlN0O""'", 'BBCNews',8350699,100,0,0,-0.5,0
86,Wed Jun 07 16:26:01 +0000 2017," '""Follow me for the latest #GE2017 election results as they\'re announced \n#bbcelection https://t.co/wD6lsP4xE4""'", 'BBCWorld',19992383,83,0,0,-0.5,0
87,Wed Jun 07 16:26:02 +0000 2017," '""RT @tangerinetearss: theresa may after running through a wheat field https://t.co/IlNOChOWg3""'", 'beffxxxxx',517,347,0,0,-0.5,0
88,Wed Jun 07 16:26:02 +0000 2017," '""RT @WillBlackWriter: The Tories admit they are trying to scam YOU.\n\nTweet the hell out of this https://t.co/6LMfCUOmIl""'", 'ProsperBuild',741,697,0,0,-0.5,0
89,Wed Jun 07 16:26:02 +0000 2017," '""RT @Sheff_Schools: Check out my thoughts on the Tory manifesto education policy in the Sheffield Telegraph tomorrow. @shftelegraph @learnsh‚Ä¶""'", 'learnsheffield',2566,4989,0,0,-0.5,0
90,Wed Jun 07 16:26:02 +0000 2017," '""RT @mtracey: Something crucial to bear in mind when considering the causes of Corbyn\'s rise -- from July 2016‚Ä¶ ""'", 'NancyVolle',502,111,0,0,-0.5,0
91,Wed Jun 07 16:26:02 +0000 2017," '""RT @alex_makel: You and I are gonna live for labour https://t.co/Avd0WapU47""'", 'DylankKenny',1632,1042,0,0,-0.5,0
92,Wed Jun 07 16:26:02 +0000 2017," '""RT @Oldstanman: A heavily disguised Jeremy Corbyn meets with Martin McGuinness of the IRA\n #lastminutecorbynsmears https://t.co/5RkRjvSXpu""'", 'CaomhanKeane',799,703,0,0,-0.5,0
93,Wed Jun 07 16:26:02 +0000 2017," '""RT @Hephaestus7: This campaign has proved it: the Tories are still the nasty party | Kate Maltby | Opinion | The Guardian https://t.co/Qb3j‚Ä¶""'", 'ElizaBelta',719,1009,0,0,-0.5,0
94,Wed Jun 07 16:26:02 +0000 2017," '""RT @JoshuaSoane: The United Kingdom has enjoyed economic success under the Conservatives. Let\'s keep it that way. #VoteConservative‚Ä¶ ""'", 'jamesiantaylor',407,549,0,0,-0.5,0
95,Wed Jun 07 16:26:02 +0000 2017," '""RT @dr_alex_gates: Spread the word! Save the NHS! #VoteNHS !! #DontVoteTory https://t.co/FYgTGm71x4""'", '60sleigh',793,404,0,0,-0.5,0
96,Wed Jun 07 16:26:02 +0000 2017," '""RT @Oldstanman: A heavily disguised Jeremy Corbyn meets with Martin McGuinness of the IRA\n #lastminutecorbynsmears https://t.co/5RkRjvSXpu""'", 'HenryCPorter',4700,2719,0,0,-0.5,0
97,Wed Jun 07 16:26:02 +0000 2017," '""RT @YouGov: 33% of Brits think Theresa May running through a wheat field was a very/quite naughty thing to do‚Ä¶ ""'", 'AndrewCrines',2961,3163,0,0,-0.5,0
98,Wed Jun 07 16:26:03 +0000 2017," '""RT @JJReid13: Surely all it takes is Stormzy to call Gavin Barwell a """"backup dancer"""" and Croydon\'s a safe Labour seat?""'", 'iam_the_starman',826,1687,0,0,-0.5,0
99,Wed Jun 07 16:26:03 +0000 2017," '""RT @jonlis1: May abandoned the national interest the day she abandoned the single market. She may not pay the price for that- bu‚Ä¶ ""'", 'LalaithB',550,3329,0,0,-0.5,0
100,Wed Jun 07 16:26:02 +0000 2017," '""RT @PennyRed: The Tories are betting against us- but young people can change the course of British history by voting tomorrow. Stand up. Be‚Ä¶""'", 'cosmicvisitors',85,140,0,0,-0.5,0
101,Wed Jun 07 16:26:03 +0000 2017," '""RT @stephenkb: I\'ve spent a lot of time talking to people about Labour\'s poll surge. Here are some thoughts about it: https://t.co/SUKzPGIv‚Ä¶""'", 'rachelkennedy84',5855,1986,0,0,-0.5,0
102,Wed Jun 07 16:26:03 +0000 2017," '""RT @HackneyAbbott: Touched by all the messages of support. Still standing! Will rejoin the fray soon. Vote Labour!""'", 'davemuse',92,261,0,0,-0.5,0
103,Wed Jun 07 16:26:03 +0000 2017," '""RT @mmlondonstudio: @SocialistVoice @HarrietLee95 Would labour be paying attention to abused (for many years) trading regulations? We a‚Ä¶ ""'", 'awkward_1110',7414,5903,0,0,-0.5,0
104,Wed Jun 07 16:26:03 +0000 2017," '""RT @SocialistVoice: @JimDOfficial @Rachael_Swindon Tories pledge to do more for victims of domestic violence - so they hire wife-beater‚Ä¶ ""'", 'robsmith286',170,675,0,0,-0.5,0
105,Wed Jun 07 16:26:03 +0000 2017," '""RT @ToryFibs: #Breaking.... Theresa May has made an early morning trip to a Butchers\' Market where she was booed by workers. https://t.co/x‚Ä¶""'", 'BlackAx_',99,322,0,0,-0.5,0
106,Wed Jun 07 16:26:03 +0000 2017," '""RT @lambeth_council: Not voted before? \nHere\'s what to expect when you get to your polling station tomorrow\nhttps://t.co/mwiISUJP7t‚Ä¶ ""'", 'lamlibs',2270,613,0,0,-0.5,0
107,Wed Jun 07 16:26:03 +0000 2017," '""@silverrich39 @BBC  tory news agenda stinks so much even they becoming aware""'", 'birdbrook',812,1626,0,0,-0.5,0
108,Wed Jun 07 16:26:03 +0000 2017," '""Rubbish. Let\'s see if she tears up the book on PC as promised for the sake of innocents killed. https://t.co/onV59QsOzj""'", 'hindoostantours',34,19,0,0,-0.5,0
109,Wed Jun 07 16:26:03 +0000 2017," '""RT @benatipsosmori: One of the most remarkable charts of the election - Labour supporters change their minds on @JeremyCorbyn4PM‚Ä¶ ""'", 'GlennConnection',658,1880,0,0,-0.5,0
110,Wed Jun 07 16:26:03 +0000 2017," '""@stehoare A Tory and a bluenose... üôÑ""'", 'lfc_heartbeat',26,43,0,0,-0.5,0
111,Wed Jun 07 16:26:03 +0000 2017," '""RT @DPJHodges: People asking from my final prediction. Tory majority 110. There you go Jeremy Corbyn. Don\'t say I never do anything for you‚Ä¶""'", 'Jordania213',380,1422,0,0,-0.5,0
112,Wed Jun 07 16:26:03 +0000 2017," '""RT @PeterStefanovi2: Owen Jones branding Theresa May a ‚Äòthreat to national security‚Äô live on TV  https://t.co/EnzFAoqani via @thecanarysays""'", 'KastratiMet',179,898,0,0,-0.5,0
113,Wed Jun 07 16:26:03 +0000 2017," '""RT @DrTeckKhong: Voting #UKIP ensures that Theresa May\'s Brexit negotiations &amp; implementation of other policies have the right balan‚Ä¶ ""'", 'JosephTaylor26',4380,5000,0,0,-0.5,0
114,Wed Jun 07 16:26:03 +0000 2017," '""RT @IanTwinn: All the best for tomorrow and for all our London @Conservatives candidates https://t.co/8QTKBxm4E5""'", 'Ben4Highgate',163,374,0,0,-0.5,0
115,Wed Jun 07 16:26:03 +0000 2017," '""RT @johnmcdonnellMP: Nobel Prizewinning economist Joseph Stiglitz backs Labour\'s plans for the economy. https://t.co/2Pse8ESSpk""'", 'DenzpDp',357,494,0,0,-0.5,0
116,Wed Jun 07 16:26:03 +0000 2017," '""RT @CorbynSnap: I\'ve now denied every cause I believed in. I\'ve become just another lying politician. #GE2017""'", 'SlmpIyYann',44,86,0,0,-0.5,0
117,Wed Jun 07 16:26:03 +0000 2017," '""Split meaning the tories could make gains and that terrifies me. Sod right off you\'ve only got 1 MP here rn and it\'s already 1 too many""'", 'ohmygouldness',2533,501,0,0,-0.5,0
118,Wed Jun 07 16:26:03 +0000 2017," '""RT @adamrowecomedy: BREAKING NEWS: Billionaire Tory doesn\'t want you to vote Labour.  https://t.co/WML2FOJFES""'", 'matthewheathuk',280,925,0,0,-0.5,0
119,Wed Jun 07 16:26:03 +0000 2017," '""RT @DavidJo52951945: Jeremy Corbyn will always back the \'human rights\' of terrorists of the safety of British people https://t.co/URT4SSNJ2V""'", 'MrDiddy85',622,492,0,0,-0.5,0
120,Wed Jun 07 16:26:03 +0000 2017," '""RT @StrongerStabler: We aren\'t voting for president here. Vote for party whose manifesto most suits your needs. Unlikely to be Tory.‚Ä¶ ""'", 'GBWhalley',154,506,0,0,-0.5,0
121,Wed Jun 07 16:26:03 +0000 2017," '""RT @Otto_English: Corbyn """"we will give all students free university places by September""""\n\nTheresa May """"we will take away your human rights.‚Ä¶""'", 'waters_ivan',670,1051,0,0,-0.5,0
122,Wed Jun 07 16:26:03 +0000 2017," '""RT @DrSGClark: Exactly. It\'s the people we haven\'t convinced in the places we need to convince them that matters https://t.co/HLRU0ASRjM""'", 'LuckySam83',264,548,0,0,-0.5,0
123,Wed Jun 07 16:26:04 +0000 2017," '""RT @smallthunderdog: *vomits copiously* https://t.co/TKcOvUXlIK""'", 'Demon_Dantanian',288,436,0,0,-0.5,0
124,Wed Jun 07 16:26:04 +0000 2017," '""@hzeffman Wow now that\'s a crowd for her. #GE2017 #VoteLabour2017""'", 'morrispexmouth',1064,1357,0,0,-0.5,0
125,Wed Jun 07 16:26:04 +0000 2017," '""RT @SophiaAB81: This plea to vote Labour to save NHS written by a pregnant daughter of a critically ill mother is going viral https://t.co/‚Ä¶""'", 'ee94d7b6360945e',1622,2767,0,0,-0.5,0
126,Wed Jun 07 16:26:04 +0000 2017," '""Remember every fifteen minutes a conservative loses heart. \nLabour can win this election.\nIf we all vote!!!""'", 'Pompytrunk',182,198,0,0,-0.5,0
127,Wed Jun 07 16:26:04 +0000 2017," '""RT @ian_a_jones: Where May &amp; Corbyn spent the #GE2017 campaign. Corbyn barely set foot in Labour marginals and visited more Tory str‚Ä¶ ""'", 'RichieD_',569,721,0,0,-0.5,0
128,Wed Jun 07 16:26:04 +0000 2017," '""RT @Mickl70: ALEX BRUMMER on Labour\'s policies which he says will bankrupt Britain https://t.co/K2q1uY1oG0 via @MailOnline #VoteConservativ‚Ä¶""'", 'McAuleyWalsh',137,463,0,0,-0.5,0
129,Wed Jun 07 16:26:04 +0000 2017," '""RT @folkdeejay: Assuming these aren\'t the booing butchers?  Oddly not mentioned on @BBCNews - editorial decision @bbclaurak or‚Ä¶ ""'", 'Colphilli',271,420,0,0,-0.5,0
130,Wed Jun 07 16:26:04 +0000 2017," '""RT @NotTheToryPress: So you\'re thinking of voting Tory?\nReally? https://t.co/iAXMwPPF7G""'", 'mg_smyth',38,127,0,0,-0.5,0
131,Wed Jun 07 16:26:04 +0000 2017," '""RT @POLITICOEurope: A poll predicts the Tories will lose their majority in parliament https://t.co/gmmry4C9B1 https://t.co/4nLeHZuwYG""'", 'red_loeb',379,619,0,0,-0.5,0
132,Wed Jun 07 16:26:04 +0000 2017," '""Says a guy who earns millions. What an idiot. Vote for what you believe in. Think of the many not the few #Labour https://t.co/0uSVxfwEIs""'", 'scottalastair22',21,132,0,0,-0.5,0
133,Wed Jun 07 16:26:04 +0000 2017," '""RT @SocialistVoice: """"Theresa May\'s campaign exposes her weaknesses - and could see her lose election"""" \n\n#VoteLabour #GE2017 https://t.co/ly‚Ä¶""'", 'jcm247',1093,2153,0,0,-0.5,0
134,Wed Jun 07 16:26:04 +0000 2017," '""RT @Midget_Jones32: Happy to exploit my child\'s cuteness to promote Jezza üòÇüòé #VoteLabour #GE2017 #VoteForChange https://t.co/fgzeEyzxjW""'", 'zebra_crispy',4684,4182,0,0,-0.5,0
135,Wed Jun 07 16:26:04 +0000 2017," '""There are many voting Labour tomorrow because they hope for something better. The majority of those voting Tory just fear something worse.""'", 'LJDonovan11',261,568,0,0,-0.5,0
136,Wed Jun 07 16:26:04 +0000 2017," '""RT @Staircase2: #TheresaMay has wanted to get rid of #HumanRights for AGES - she\'s using the tragedy of recent events as an excuse‚Ä¶ ""'", 'reclaimocracy',2021,1774,0,0,-0.5,0
137,Wed Jun 07 16:26:04 +0000 2017," '""use a PEN to cast your vote ppl #ge2017 #votelabour""'", 'Kaser1980',4,13,0,0,-0.5,0
138,Wed Jun 07 16:26:04 +0000 2017," '""The headline today is FULL ON #Tory bias. Disgusting lapdogs! https://t.co/9crfBNyLc7""'", 'Jenny4Animals',591,632,0,0,-0.5,0
139,Wed Jun 07 16:26:04 +0000 2017," '""RT @davidschneider: Tempted to vote Labour but not sure about Jeremy Corbyn? Here‚Äôs a handy guide to help you decide how to vote. https://t‚Ä¶""'", 'Catherine_Lou98',151,176,0,0,-0.5,0
140,Wed Jun 07 16:26:05 +0000 2017," '""RT @Guy_Garvey: I\'m voting Labour in the morning. Come on. X""'", 'jmpickford',997,1092,0,0,-0.5,0
141,Wed Jun 07 16:26:04 +0000 2017," '""@studio_left The #Tory future is already here #ForTheMany - I\'ve slept in skips before - people like me are fightin‚Ä¶ https://t.co/eMOWnADxRZ""'", 'm2m_johnlewis',114,71,0,0,-0.5,0
142,Wed Jun 07 16:26:05 +0000 2017," '""@Lord_Sugar He gave up his peerage around the time a real Socialist who holds fast to true Labour principles was el‚Ä¶ https://t.co/USbNOZoprM""'", 'whiskylad1988',78,86,0,0,-0.5,0
143,Wed Jun 07 16:26:05 +0000 2017," '""RT @lisa_alba: OMG! \nCORBYN IS BEING CRITICISED FOR PUTTING HIS SWEETIE WRAPPERS BACK IN THE TIN\n\nFFS! HAVE YOU TORIES GOT NOTHING ELSE TO‚Ä¶""'", 'fififerenghi',3683,3960,0,0,-0.5,0
144,Wed Jun 07 16:26:05 +0000 2017," '""I\'m sure you were brilliant! https://t.co/1oKbGfn58n""'", 'LilianGreenwood',18260,3763,0,0,-0.5,0
145,Wed Jun 07 16:26:05 +0000 2017," '""RT @chimp80: He thinks Kate Middleton looks a bit rough for her age #lastminutecorbynsmears #GE2017 #NotWrong""'", 'mrgouda84',5,6,0,0,-0.5,0
146,Wed Jun 07 16:26:05 +0000 2017," '""RT @Pierre_Proudhon: Moral values of #Tory #GlobalBritain - #GE2017 #StopBrexit #ToriesOut https://t.co/xfs3PhxJ8J""'", 'Trundlelin',316,195,0,0,-0.5,0
147,Wed Jun 07 16:26:05 +0000 2017," '""Watch this tonight to hear our young people talking about education #GE2017 #debate https://t.co/1CSbWAcIzz""'", 'Creative_Youth',4384,1406,0,0,-0.5,0
148,Wed Jun 07 16:26:05 +0000 2017," '""RT @thepileus: Please share: #CallYourGrandad &amp; #CallYourGran to tell them why you need them to vote Labour. https://t.co/38y0U8cOEx""'", 'cedawnow',622,738,0,0,-0.5,0
149,Wed Jun 07 16:26:05 +0000 2017," '""RT @iainmartin1: Jeremy Corbyn‚Äôs hardcore socialism would render Britain destitute. (Economist Kevin Dowd for Reaction) https://t.co/hPLfGL‚Ä¶""'", 'encourager58',857,1572,0,0,-0.5,0
150,Wed Jun 07 16:26:05 +0000 2017," '""RT @LilianGreenwood: I\'m sure you were brilliant! https://t.co/1oKbGfn58n""'", 'labour_zone',2527,214,0,0,-0.5,0
151,Wed Jun 07 16:26:05 +0000 2017," '""RT @PeoplesMomentum: We asked 3 veterans about @jeremycorbyn - they didn\'t hold back.\n\n#GE2017 https://t.co/h6LFzUtS1Y""'", 'Koshka23Pamela',160,448,0,0,-0.5,0
152,Wed Jun 07 16:26:05 +0000 2017," '""RT @wikileaks: Theresa May suppresses release of report on who funds terrorism until after election amid claims of #Saudi focus https://t.c‚Ä¶""'", 'dm4222',504,467,0,0,-0.5,0
153,Wed Jun 07 16:26:05 +0000 2017," '""RT @thenation: Bernie Sanders Is Super Excited About Jeremy Corbyn‚Äôs Anti-Austerity Campaign https://t.co/ch6FW0LNfb""'", 'Teram323Tere',117,124,0,0,-0.5,0
154,Wed Jun 07 16:26:05 +0000 2017," '""RT @MarcherLord1: *popcorn* https://t.co/quPdra60AD""'", 'RodPolisher',871,643,0,0,-0.5,0
155,Wed Jun 07 16:26:05 +0000 2017," '""RT @UniteCommCam: Austerity has strangled the British economy. Only Labour gets this | Joseph Stiglitz #VoteLabour #GE2017 #JC4PM https://t‚Ä¶""'", 'BobTwoHats',608,597,0,0,-0.5,0
156,Wed Jun 07 16:26:05 +0000 2017," '""I stg I hate seeing people making excuses and then cry about who wins.. but on a lighter note VOTE LABOUR.. üôåüèº""'", 'MeltdownCoffee',865,456,0,0,-0.5,0
157,Wed Jun 07 16:26:06 +0000 2017," '""I want to go for a pint with @EmilyThornberry  #GE2017""'", 'MrHowells',1316,1123,0,0,-0.5,0
158,Wed Jun 07 16:26:06 +0000 2017," '""Might stop studying politics and just eject myself out the country if Tories win again tomorrow""'", 'roseheffernan_',2248,853,0,0,-0.5,0
159,Wed Jun 07 16:26:06 +0000 2017," '""RT @DimensionsUK: Everybody with a learning disability has the right to vote! @BourletGaryLDE explains why he\'s voting in #GE2017‚Ä¶ ""'", 'callowandrew',363,652,0,0,-0.5,0
160,Wed Jun 07 16:26:05 +0000 2017," '""RT @Kevin_Maguire: No gutter is too dirty for May to roll in. Breaking another manifesto promise before the election https://t.co/6Cs4c0KcPD""'", 'GeoffreyCooke2',85,121,0,0,-0.5,0
